0;John;Doe;555-1234
1;Jane;Smith;555-5678
2;Robert;Johnson;555-8765
3;Emily;Williams;555-4321
4;Michael;Brown;555-9876
5;Alice;Jones;555-3456
6;David;Miller;555-6543
7;Olivia;Davis;555-7890
8;William;Anderson;555-2109
9;Sophia;Martin;555-1092
10;Christopher;White;555-3210
11;Emma;Thomas;555-8901
12;Matthew;Moore;555-4567
13;Elizabeth;Hill;555-6789
14;Liam;Young;555-5432
15;Grace;Clark;555-4321
16;Nicholas;Mitchell;555-8765
17;Abigail;Turner;555-2109
18;Ethan;Baker;555-6789
19;Charlotte;Scott;555-9876
20;Aiden;Hall;555-1234
21;Ella;Ross;555-4567
22;James;Ward;555-8901
23;Amelia;Bell;555-5432
24;Benjamin;Morris;555-2109
25;Lily;Parker;555-1092
26;Logan;Young;555-4321
27;Chloe;Richardson;555-9876
28;Joshua;Hill;555-6543
29;Mia;Cooper;555-8901
30;Joseph;Watson;555-2109
31;Harper;Roberts;555-1092
32;Daniel;Harris;555-5678
33;Sofia;Wood;555-4321
34;Andrew;Adams;555-6543
35;Addison;Allen;555-3210
36;Avery;Morgan;555-2109
37;Grace;Hughes;555-8765
38;Lucas;Myers;555-5432
39;Scarlett;Fisher;555-8901
40;Jackson;Simmons;555-3210
41;Abigail;Watkins;555-1092
42;Jack;Ward;555-4321
43;Victoria;Hudson;555-8765
44;Isaac;Perkins;555-9876
45;Eleanor;Coleman;555-6543
46;Henry;Rogers;555-5432
47;Madison;Wells;555-8901
48;Caleb;Flynn;555-3210
49;Stella;Howard;555-1092
50;Owen;Henderson;555-4321
51;Aria;Fletcher;555-8765
52;Grayson;Murray;555-6543
53;Samantha;Sullivan;555-9876
54;Sebastian;Woods;555-5432
55;Ava;Bates;555-2109
56;Levi;Lane;555-8901
57;Zoe;Crawford;555-3210
58;Connor;Warren;555-4321
59;Natalie;Cox;555-6543
60;Adam;Dixon;555-1092
61;Hailey;Armstrong;555-2109
62;Davidson;Campbell;555-8765
63;Mila;Hayes;555-5678
64;Nolan;Watson;555-3210
65;Allison;Stanley;555-5432
66;Maxwell;Graham;555-8765
67;Madeline;Webster;555-1092
68;Eli;Ferguson;555-3210
69;Layla;Robinson;555-8901
70;Lucas;Fleming;555-4321
71;Adeline;Gordon;555-5678
72;Landon;Floyd;555-6543
73;Clara;Knight;555-2109
74;Jackson;Moss;555-1092
75;Julia;Sherman;555-4567
76;Oscar;Wagner;555-5678
77;Lucy;Adams;555-7890
78;Colton;Cunningham;555-4321
79;Valentina;Cole;555-6543
80;Hudson;Hansen;555-8765
81;Adalyn;Miles;555-5678
82;Austin;Higgins;555-7890
83;Audrey;Harvey;555-4321
84;Gabriel;Barnes;555-6543
85;Kylie;Ryan;555-7890
86;Justin;Lynch;555-4567
87;Aurora;Butler;555-5678
88;Cameron;Wilkins;555-7890
89;Leah;Watson;555-4567
90;Elias;Brooks;555-6543
91;Hazel;Morrison;555-7890
92;Aaron;Fisher;555-5678
93;Katherine;Walters;555-4567
94;Avery;Reyes;555-7890
95;Brayden;Stevens;555-5678
96;Nora;Lynch;555-4567
97;Lincoln;Gibson;555-7890
98;Eva;Martin;555-5678
99;Xavier;Hudson;555-4567